SNP	A1	A2	b
rs1000940	G	A	0.019200000000000002
rs10132280	A	C	-0.023
rs1016287	T	C	0.0229
rs10182181	A	G	-0.0307
rs10733682	A	G	0.017400000000000002
rs10938397	A	G	-0.0402
rs10968576	G	A	0.024900000000000002
rs11030104	A	G	0.0414
rs11057405	A	G	-0.0307
rs11165643	C	T	-0.0218
rs1167827	A	G	-0.020200000000000003
rs11727676	C	T	-0.0358
rs12286929	G	A	0.0217
rs12429545	G	A	-0.0334
rs12940622	A	G	-0.0182
rs12986742	C	T	0.0212
rs13021737	A	G	-0.0601
rs13078960	T	G	-0.0297
rs13107325	C	T	-0.0477
rs13191362	A	G	0.027700000000000002
rs1516725	T	C	-0.0451
rs1528435	T	C	0.0178
rs1558902	A	T	0.0818
rs16851483	G	T	-0.0483
rs16951275	C	T	-0.031100000000000003
rs17001654	C	G	-0.030600000000000002
rs17024393	C	T	0.0658
rs17066856	C	T	-0.0395
rs17094222	C	T	0.024900000000000002
rs17405819	C	T	-0.0224
rs17724992	A	G	0.0194
rs1808579	T	C	-0.0167
rs1928295	C	T	-0.0188
rs2033732	C	T	0.019200000000000002
rs205262	A	G	-0.0221
rs2112347	G	T	-0.0261
rs2121279	T	C	0.0245
rs2176598	T	C	0.0198
rs2207139	G	A	0.044700000000000004
rs2245368	T	C	-0.0317
rs2287019	C	T	0.036000000000000004
rs2303223	A	G	-0.0184
rs2365389	C	T	0.02
rs2820292	A	C	-0.0195
rs29941	A	G	-0.0182
rs3101336	T	C	-0.0334
rs3736485	A	G	0.0176
rs3817334	C	T	-0.0262
rs3849570	A	C	0.0188
rs3888190	A	C	0.0309
rs4256980	G	C	0.020900000000000002
rs4740619	T	C	0.0179
rs543874	G	A	0.0482
rs6477694	C	T	0.017400000000000002
rs6567160	C	T	0.055600000000000004
rs657452	A	G	0.0227
rs6656785	G	A	0.0217
rs6804842	A	G	-0.018500000000000003
rs7138803	G	A	-0.0315
rs7141420	T	C	0.0235
rs758747	C	T	-0.022500000000000003
rs7599312	G	A	0.022
rs7899106	A	G	-0.0395
rs7903146	T	C	-0.0234
rs879620	C	T	-0.0244
rs9400239	C	T	0.0188
rs9579083	G	C	-0.029500000000000002
rs9926784	T	C	0.026500000000000003
